customer_id,name,city,join_date
1,Yara Clark,Atlanta,2025-09-03
2,Yara Thompson,Minneapolis,2023-01-01
3,Tina Anderson,Miami,2023-01-20
4,David Thomas,Minneapolis,2025-05-01
5,Zack Taylor,New York,2023-03-01
6,Hank Martinez,Boston,2023-03-29
7,Xena Martin,Portland,2023-03-12
8,Yara Garcia,San Diego,2023-05-09
9,Eve Martin,Atlanta,2023-06-19
10,Ivy Thompson,Portland,2024-09-13
11,Nate Miller,Minneapolis,2024-07-06
12,Yara Miller,Philadelphia,2023-11-16
13,Mona Thomas,Miami,2025-07-10
14,Quinn Harris,Boston,2023-09-11
15,Hank Lee,Seattle,2023-01-22
16,Sam Garcia,New York,2024-08-25
17,Hank Johnson,Boston,2024-12-25
18,Uma Smith,New York,2023-03-11
19,Bob Anderson,Boston,2024-06-10
20,Hank Moore,Phoenix,2024-05-12
21,Grace Garcia,Austin,2025-01-10
22,Sam Martinez,Miami,2023-09-06
23,Zack Martin,San Diego,2024-02-21
24,Grace Brown,Boston,2024-11-05
25,Nate Thomas,Denver,2024-02-25
26,Olivia Smith,Phoenix,2024-10-31
27,Uma Brown,Chicago,2024-02-17
28,Xena Anderson,San Diego,2025-06-01
29,David Wilson,New York,2023-07-14
30,Rita Harris,Austin,2024-03-08
31,Frank Moore,Miami,2023-09-13
32,Carol Harris,San Diego,2025-06-01
33,Rita Brown,Chicago,2024-10-29
34,Rita Johnson,Boston,2025-08-06
35,Yara Wilson,Austin,2024-02-21
36,Paul Martin,New York,2025-06-04
37,Mona Smith,Austin,2024-01-24
38,Alice Jackson,San Francisco,2025-08-06
39,Zack Harris,San Francisco,2024-03-09
40,Walt Garcia,Phoenix,2025-01-05
41,Paul Davis,New York,2023-10-31
42,Grace Smith,Dallas,2025-01-23
43,Rita Smith,Philadelphia,2023-11-18
44,Bob Smith,Dallas,2024-05-03
45,Quinn Thompson,Austin,2023-02-28
46,Quinn Lee,Portland,2023-07-10
47,Carol Robinson,Boston,2024-11-22
48,Hank Jackson,Boston,2025-08-22
49,Sam Wilson,Dallas,2024-08-31
50,Bob Robinson,Boston,2024-03-05
51,Vince Martinez,Dallas,2024-06-19
52,Kathy Moore,New York,2024-11-16
53,Walt Anderson,New York,2023-09-29
54,Mona Davis,Phoenix,2024-10-22
55,Jack Harris,Seattle,2025-08-09
56,Yara Lee,Chicago,2024-04-14
57,Tina Martinez,Boston,2023-03-17
58,Rita Miller,Atlanta,2023-09-29
59,Eve Thomas,Minneapolis,2023-03-12
60,Hank Thomas,San Francisco,2023-06-11
61,Olivia Garcia,Philadelphia,2023-11-06
62,Tina Thompson,Chicago,2024-11-14
63,Rita Taylor,Minneapolis,2024-11-10
64,David Davis,San Francisco,2023-04-29
65,David Garcia,Austin,2023-10-06
66,Jack Robinson,New York,2025-01-04
67,Kathy Miller,Phoenix,2024-10-11
68,Ivy Thompson,Miami,2023-09-15
69,Bob Lee,Phoenix,2024-03-09
70,Ivy Smith,Chicago,2023-12-08
71,Yara Davis,Phoenix,2025-09-30
72,Ivy Clark,Philadelphia,2024-03-28
73,Rita White,Atlanta,2023-01-10
74,David Lee,Minneapolis,2024-12-08
75,Eve Garcia,Chicago,2025-05-04
76,Leo Martinez,Atlanta,2023-06-01
77,Nate Davis,Chicago,2023-11-12
78,Leo Smith,Minneapolis,2024-01-02
79,Grace Wilson,Phoenix,2023-04-16
80,Leo Garcia,Minneapolis,2025-06-14
81,Nate Robinson,Philadelphia,2023-06-08
82,Hank Clark,San Diego,2025-04-10
83,Frank White,Chicago,2023-07-03
84,Xena Anderson,San Diego,2025-08-11
85,Nate Wilson,San Francisco,2023-06-13
86,Zack Brown,Denver,2025-06-12
87,Bob Martin,New York,2023-07-24
88,Olivia Thomas,San Francisco,2025-04-20
89,Zack Wilson,New York,2023-01-25
90,Vince Miller,Denver,2023-12-03
91,Ivy Lee,San Diego,2023-10-13
92,Leo Thompson,Denver,2024-11-26
93,Rita Anderson,Chicago,2023-04-29
94,Ivy Clark,Dallas,2025-09-12
95,Ivy Smith,Boston,2024-09-02
96,Nate Thomas,Philadelphia,2025-03-16
97,Kathy White,Dallas,2024-06-07
98,David Jackson,Minneapolis,2024-08-13
99,Grace Moore,Chicago,2024-12-26
100,Nate Johnson,Atlanta,2025-08-05
101,Zack Garcia,Phoenix,2025-01-06
102,Xena Miller,Seattle,2024-03-17
103,Carol Anderson,Dallas,2023-11-18
104,Vince Brown,Philadelphia,2025-07-10
105,Jack Thompson,San Francisco,2024-11-13
106,Nate Anderson,Denver,2024-12-14
107,Jack Garcia,Austin,2023-07-16
108,Nate Jackson,Phoenix,2025-02-05
109,Frank Robinson,Dallas,2023-11-05
110,Mona Garcia,Portland,2023-01-01
111,Jack Taylor,New York,2024-03-16
112,Zack Martinez,Dallas,2024-11-01
113,Kathy Harris,Miami,2024-03-28
114,Vince Miller,Atlanta,2024-04-29
115,Zack Clark,Phoenix,2023-03-28
116,Jack Thompson,Phoenix,2024-10-10
117,Tina Anderson,Boston,2025-04-18
118,Yara Wilson,Phoenix,2023-11-14
119,Hank Miller,Austin,2023-01-26
120,Bob Wilson,Miami,2024-09-17
121,Yara Lee,Miami,2024-02-29
122,Uma Martinez,New York,2025-01-05
123,Walt Jackson,Miami,2024-02-14
124,Hank Davis,Phoenix,2024-12-05
125,Alice Brown,San Diego,2024-03-11
126,Hank Clark,San Diego,2025-09-07
127,Walt Thompson,Miami,2023-02-21
128,Rita Wilson,Minneapolis,2025-05-18
129,David Harris,Austin,2025-03-31
130,Olivia Thompson,Atlanta,2024-09-01
131,Kathy Harris,Dallas,2025-04-14
132,Xena Thompson,Denver,2025-04-30
133,Rita Harris,Minneapolis,2023-06-12
134,Xena Martin,Miami,2023-09-23
135,Yara Wilson,Portland,2024-10-14
136,Ivy Thompson,Miami,2024-10-03
137,Hank Moore,Miami,2023-03-21
138,Walt Taylor,New York,2023-10-06
139,Kathy Anderson,Minneapolis,2024-07-07
140,Carol Davis,Austin,2023-08-25
141,Mona Davis,Philadelphia,2023-08-08
142,Carol White,Denver,2023-12-05
143,Rita Harris,Denver,2023-03-05
144,Grace White,Denver,2025-07-15
145,Yara Martinez,Philadelphia,2023-01-21
146,Yara Martinez,Denver,2024-05-03
147,Alice Thomas,San Francisco,2025-02-10
148,Mona White,Atlanta,2025-02-04
149,Xena Garcia,San Diego,2024-09-09
150,Hank Martin,New York,2023-10-07
151,Nate Martin,Chicago,2024-02-03
152,Kathy Jackson,Philadelphia,2023-06-19
153,Olivia Davis,Dallas,2024-06-30
154,Alice Jackson,Dallas,2024-07-31
155,Vince Johnson,Boston,2024-10-20
156,Nate Davis,Portland,2024-04-17
157,Frank Smith,San Francisco,2024-01-24
158,Kathy Miller,Miami,2023-12-01
159,Kathy Jackson,San Francisco,2025-02-09
160,Nate Moore,Portland,2023-03-25
161,Paul Johnson,Philadelphia,2024-07-06
162,Bob Thomas,New York,2024-10-27
163,Carol Smith,San Diego,2023-02-01
164,Hank Miller,Portland,2023-01-21
165,Tina Davis,New York,2023-05-10
166,Paul Brown,Dallas,2025-08-28
167,Grace Harris,Philadelphia,2023-09-20
168,Yara Thomas,Austin,2024-09-12
169,Tina Brown,San Diego,2025-04-18
170,Frank Taylor,Boston,2024-08-15
171,Alice Taylor,Dallas,2024-11-24
172,Mona Jackson,Philadelphia,2023-07-23
173,Carol Martinez,Philadelphia,2025-04-30
174,Uma Wilson,Boston,2024-12-14
175,Yara Taylor,Portland,2024-12-01
176,Tina Brown,San Diego,2024-08-02
177,Zack Smith,Seattle,2024-06-29
178,Nate Thomas,Boston,2024-06-02
179,Uma Anderson,Chicago,2025-05-19
180,Nate Martin,Boston,2024-03-19
181,Leo Harris,Philadelphia,2023-06-06
182,Nate Clark,Philadelphia,2024-06-18
183,Uma Moore,Dallas,2025-04-07
184,Rita Martin,Miami,2024-03-22
185,Xena Martinez,San Francisco,2023-11-27
186,Hank Lee,San Francisco,2025-06-21
187,Olivia Wilson,San Diego,2024-04-20
188,Sam Robinson,Phoenix,2024-01-24
189,Kathy Johnson,Miami,2025-05-21
190,Kathy Clark,Miami,2023-08-06
191,Leo Moore,Seattle,2023-10-14
192,Tina Moore,Atlanta,2023-01-11
193,Quinn Miller,Boston,2023-09-05
194,Xena White,Miami,2024-07-22
195,Yara Wilson,Philadelphia,2024-05-02
196,Uma Martin,Miami,2025-03-22
197,Alice Lee,San Francisco,2023-08-15
198,Mona Wilson,San Francisco,2024-11-10
199,Sam Thomas,Miami,2024-07-20
200,Quinn Thomas,Denver,2025-02-02
201,Rita Anderson,Seattle,2024-12-20
202,Olivia Moore,San Francisco,2023-09-15
203,Hank Brown,Philadelphia,2023-07-17
204,Kathy Brown,Philadelphia,2024-07-02
205,Yara Clark,New York,2023-08-10
206,Xena Martin,San Francisco,2025-01-11
207,Sam Thompson,Dallas,2023-10-17
208,David Miller,San Francisco,2023-08-21
209,Leo Clark,San Francisco,2023-01-15
210,Walt Garcia,Austin,2023-10-08
211,Bob Smith,Atlanta,2023-10-27
212,Walt Davis,Phoenix,2025-06-08
213,Yara Martin,Boston,2025-06-12
214,Alice Martinez,San Francisco,2024-04-25
215,Paul Harris,Seattle,2023-07-08
216,Bob Moore,Portland,2024-05-04
217,David Lee,Denver,2024-05-18
218,Carol Martinez,Phoenix,2024-12-03
219,Bob Davis,Austin,2025-04-10
220,Sam Taylor,Boston,2023-09-12
221,David Garcia,San Diego,2024-03-02
222,Tina Robinson,San Diego,2024-09-25
223,Hank Thompson,Denver,2024-04-06
224,Olivia Taylor,Portland,2024-08-25
225,Nate Taylor,Dallas,2024-09-27
226,Bob Robinson,Philadelphia,2023-04-12
227,Yara Miller,Phoenix,2023-08-05
228,Ivy Lee,Austin,2023-09-03
229,Frank Garcia,Boston,2023-06-10
230,Alice White,Miami,2024-12-06
231,Tina Martin,San Francisco,2023-02-03
232,Hank Taylor,Philadelphia,2023-10-17
233,Walt Harris,Boston,2024-12-04
234,Hank Moore,San Diego,2025-03-21
235,Uma Martinez,Phoenix,2025-04-03
236,Grace White,Boston,2024-07-11
237,Hank Davis,Minneapolis,2023-09-30
238,Eve Lee,Chicago,2023-06-19
239,Zack Taylor,Dallas,2025-02-05
240,Sam Taylor,Miami,2023-05-08
241,Olivia Taylor,Philadelphia,2024-02-17
242,Ivy Thompson,Atlanta,2024-05-20
243,Olivia Lee,Dallas,2023-02-10
244,Nate Anderson,Dallas,2023-09-14
245,Alice Lee,New York,2025-09-11
246,Vince Martinez,Dallas,2025-08-31
247,Alice Moore,Dallas,2023-02-11
248,Yara Clark,Miami,2024-06-15
249,Uma Harris,Minneapolis,2023-10-12
250,Frank Martinez,Denver,2024-10-12
251,Paul Lee,Miami,2023-12-23
252,Nate Anderson,Seattle,2024-11-17
253,David Clark,Seattle,2024-02-26
254,Walt Martin,San Francisco,2024-11-09
255,Mona Garcia,Chicago,2024-04-10
256,Carol Anderson,San Francisco,2023-11-28
257,David Jackson,Portland,2024-06-10
258,Alice Garcia,Miami,2024-02-28
259,Bob Miller,Atlanta,2024-01-06
260,Tina Martin,Phoenix,2024-03-28
261,Yara Smith,New York,2023-10-01
262,Rita Davis,Minneapolis,2023-10-22
263,Olivia Martin,Boston,2023-01-30
264,Uma Robinson,San Diego,2023-09-03
265,Walt Clark,San Francisco,2024-07-18
266,Alice Garcia,Denver,2023-04-06
267,Hank Brown,Miami,2025-08-27
268,David Davis,Miami,2025-08-13
269,Walt Taylor,Atlanta,2024-12-23
270,Ivy White,Portland,2024-05-09
271,Paul Wilson,Miami,2024-07-18
272,Eve Jackson,New York,2025-08-01
273,Tina Thompson,Philadelphia,2025-06-19
274,Eve Lee,San Francisco,2025-03-02
275,Zack White,Seattle,2025-08-14
276,Zack Thompson,San Francisco,2025-04-20
277,Alice Taylor,Philadelphia,2023-11-02
278,Sam Martinez,Phoenix,2024-05-16
279,Eve Harris,Atlanta,2024-05-10
280,Leo Anderson,Atlanta,2025-02-20
281,Rita Jackson,Miami,2025-08-13
282,Kathy Miller,Philadelphia,2023-09-02
283,Sam Jackson,New York,2025-05-26
284,Yara White,Chicago,2023-11-22
285,Xena Martin,Philadelphia,2025-07-24
286,Zack Jackson,Denver,2024-11-10
287,Zack Davis,Miami,2025-09-14
288,Bob Davis,Atlanta,2025-09-15
289,Sam Anderson,Portland,2023-04-13
290,Olivia Brown,Atlanta,2025-07-21
291,Olivia Johnson,Philadelphia,2023-05-28
292,Nate Davis,Boston,2024-04-25
293,Zack Moore,Seattle,2024-09-30
294,Walt Jackson,Phoenix,2023-03-24
295,Kathy Garcia,Denver,2025-09-04
296,Kathy Martin,Portland,2024-07-08
297,Bob Robinson,Boston,2023-08-29
298,Uma Taylor,New York,2025-02-03
299,Carol White,Boston,2025-02-17
300,Uma Brown,Miami,2023-06-20
301,Walt Taylor,Minneapolis,2023-01-30
302,Bob Anderson,San Diego,2023-02-27
303,Jack Thomas,Seattle,2024-03-17
304,Eve Wilson,Atlanta,2024-02-26
305,Sam Clark,Austin,2023-06-29
306,Carol Robinson,Portland,2024-01-27
307,Tina Wilson,Miami,2025-07-23
308,Sam Davis,New York,2024-04-17
309,Uma Moore,Miami,2023-09-19
310,Vince Johnson,Minneapolis,2025-04-03
311,Olivia Taylor,Phoenix,2024-07-13
312,Frank Lee,Miami,2025-08-25
313,Leo Martinez,San Francisco,2024-10-16
314,Nate Moore,Miami,2025-05-15
315,Jack Miller,Denver,2025-05-23
316,Paul Brown,New York,2024-01-26
317,Sam Thomas,Dallas,2023-10-30
318,Walt Taylor,Chicago,2025-09-28
319,Vince Jackson,San Francisco,2023-01-09
320,Sam Smith,Minneapolis,2024-09-12
321,Xena Martin,Portland,2025-07-14
322,Jack Wilson,Dallas,2025-04-01
323,Leo Wilson,Phoenix,2023-07-14
324,Tina Moore,Phoenix,2025-02-12
325,Xena Davis,Phoenix,2023-04-10
326,Uma Smith,San Francisco,2025-03-18
327,Olivia Smith,Dallas,2024-01-09
328,Xena Davis,Boston,2025-07-20
329,Jack Anderson,Philadelphia,2024-03-01
330,Frank Miller,Austin,2025-03-16
331,Rita Thomas,Atlanta,2024-05-28
332,Ivy Clark,San Francisco,2025-07-24
333,Paul Taylor,Philadelphia,2025-06-10
334,Kathy Brown,Miami,2025-09-13
335,Carol Davis,San Diego,2025-09-16
336,Hank Jackson,Portland,2025-04-03
337,Rita Thomas,Boston,2025-03-20
338,Mona Johnson,San Francisco,2024-07-03
339,David Harris,Seattle,2024-11-19
340,Xena Moore,Dallas,2024-01-26
341,Uma Thomas,Boston,2024-11-22
342,Hank Martin,Chicago,2024-09-26
343,Rita Anderson,Minneapolis,2024-09-16
344,Hank Lee,Phoenix,2025-04-23
345,Olivia Taylor,Phoenix,2024-02-23
346,David Davis,Chicago,2025-08-26
347,Bob Taylor,Miami,2023-04-29
348,David Wilson,Minneapolis,2024-07-04
349,Eve Jackson,Miami,2024-01-15
350,Vince Garcia,Denver,2024-08-24
351,Xena Davis,Minneapolis,2024-02-29
352,Uma Brown,Portland,2024-05-16
353,Tina White,San Francisco,2023-02-03
354,Walt Thomas,New York,2024-03-30
355,Olivia Wilson,Portland,2024-01-07
356,David Thomas,Atlanta,2025-07-12
357,Uma Thomas,Chicago,2024-02-12
358,Ivy Miller,Boston,2025-08-29
359,Olivia Lee,Phoenix,2023-08-06
360,Uma Robinson,Chicago,2023-02-21
361,Zack Anderson,New York,2023-05-09
362,Zack Martinez,New York,2023-03-12
363,Yara Garcia,New York,2024-08-23
364,Grace Wilson,Seattle,2025-03-03
365,Eve Robinson,Chicago,2023-10-11
366,Eve Davis,Atlanta,2023-09-14
367,Zack Clark,Boston,2024-11-07
368,Alice Davis,Chicago,2024-01-02
369,Zack Wilson,Dallas,2023-11-28
370,Alice Clark,San Francisco,2023-02-23
371,Eve White,Atlanta,2023-04-27
372,Xena Lee,Miami,2024-04-04
373,Yara Thomas,Atlanta,2024-08-30
374,David Harris,Atlanta,2023-08-15
375,Tina Smith,Philadelphia,2025-03-13
376,Vince Thompson,San Francisco,2024-04-14
377,Uma Johnson,Chicago,2024-05-05
378,Mona White,Phoenix,2023-04-21
379,Paul Harris,Boston,2025-07-09
380,Carol Anderson,Dallas,2023-06-01
381,Carol Davis,San Francisco,2024-10-01
382,Uma Martinez,Atlanta,2024-12-30
383,Kathy Jackson,Dallas,2024-06-27
384,Jack Harris,Atlanta,2024-09-11
385,Nate Brown,San Diego,2024-12-19
386,David Garcia,Philadelphia,2025-06-05
387,Grace White,Miami,2025-06-28
388,Hank White,Seattle,2025-04-27
389,Olivia Jackson,Denver,2025-01-17
390,David Anderson,Denver,2023-11-17
391,Vince Moore,Seattle,2025-09-03
392,Eve Martin,Boston,2023-04-04
393,Carol Lee,Denver,2023-04-09
394,Xena Thomas,San Diego,2023-05-14
395,Rita Smith,Dallas,2025-09-06
396,Rita Garcia,Seattle,2024-11-17
397,David White,Seattle,2025-06-13
398,Vince White,Portland,2025-07-26
399,Xena Smith,San Francisco,2024-09-06
400,Jack Thomas,Boston,2024-08-14
401,Quinn Miller,Austin,2024-11-03
402,Paul Wilson,Portland,2023-04-21
403,Leo Garcia,Seattle,2023-04-28
404,Yara Moore,Dallas,2023-08-20
405,Zack White,Portland,2024-07-28
406,Yara Robinson,Dallas,2024-11-22
407,Uma Garcia,Chicago,2024-09-15
408,Vince Moore,Chicago,2023-07-04
409,Ivy Taylor,Minneapolis,2023-12-14
410,Leo Johnson,Austin,2025-06-09
411,Eve Martinez,Phoenix,2024-02-15
412,Carol Davis,Philadelphia,2024-10-10
413,Alice Lee,Philadelphia,2024-06-27
414,Grace Jackson,Denver,2024-04-09
415,Kathy Clark,Seattle,2023-11-16
416,Xena Anderson,San Diego,2025-08-22
417,Sam Robinson,Boston,2025-06-23
418,Bob Davis,Austin,2025-02-11
419,Tina Smith,Phoenix,2023-03-25
420,Ivy Harris,Phoenix,2024-03-10
421,Paul Robinson,Miami,2024-02-29
422,Ivy Miller,San Diego,2024-06-08
423,David Thomas,Denver,2023-04-24
424,Jack Martinez,Miami,2024-06-23
425,Vince Taylor,Chicago,2023-08-14
426,Mona Robinson,Chicago,2023-01-08
427,Grace Taylor,New York,2025-02-24
428,Eve Moore,San Francisco,2023-12-02
429,David Johnson,Miami,2025-02-03
430,Nate Clark,Austin,2024-01-25
431,Rita Wilson,Atlanta,2024-07-26
432,Vince Thomas,Boston,2024-02-11
433,Xena Smith,Denver,2023-01-20
434,Olivia Lee,Portland,2023-11-17
435,Sam White,Dallas,2024-02-19
436,Walt White,San Francisco,2023-04-28
437,Mona Johnson,Seattle,2023-06-25
438,Zack Robinson,Miami,2025-05-01
439,Walt Thomas,Boston,2024-03-23
440,David Wilson,Denver,2024-08-26
441,Mona Thompson,Boston,2024-02-10
442,Jack Anderson,New York,2023-12-08
443,Yara Clark,Boston,2024-06-06
444,Uma Brown,Atlanta,2024-06-06
445,Grace Thomas,Seattle,2025-01-14
446,Uma Davis,New York,2023-04-16
447,Eve Moore,New York,2023-06-27
448,Tina Davis,San Diego,2025-02-16
449,Uma Lee,Austin,2025-09-01
450,Yara Martin,Miami,2025-02-11
451,Sam Martinez,Miami,2024-11-28
452,Sam Robinson,Seattle,2025-06-03
453,Uma Anderson,Austin,2024-03-26
454,Carol Martin,Miami,2024-10-08
455,Jack Moore,Dallas,2023-02-27
456,Leo Thompson,Boston,2023-11-14
457,Olivia Harris,Chicago,2023-02-28
458,Leo Taylor,Boston,2024-10-22
459,Carol Robinson,Dallas,2024-06-03
460,Mona Harris,Dallas,2024-07-21
461,Zack Smith,Miami,2025-07-19
462,Zack Martinez,Phoenix,2023-07-12
463,Kathy Robinson,Miami,2024-05-28
464,Eve Smith,Miami,2023-04-16
465,Zack Anderson,Philadelphia,2023-03-28
466,Quinn Clark,Chicago,2023-09-11
467,Walt Harris,Miami,2024-06-20
468,Quinn Robinson,Austin,2024-01-08
469,Leo Taylor,Denver,2024-02-23
470,Yara Anderson,Phoenix,2024-09-04
471,Bob Anderson,Boston,2023-12-04
472,David Garcia,Phoenix,2024-01-31
473,Jack Moore,Philadelphia,2025-05-22
474,Vince Robinson,Portland,2023-06-03
475,Kathy Lee,Dallas,2024-11-10
476,Eve Thomas,San Francisco,2025-09-17
477,Uma Jackson,Austin,2024-09-01
478,Walt Lee,San Francisco,2024-07-26
479,Mona Anderson,Portland,2023-05-11
480,Vince Thompson,Boston,2024-10-23
481,Vince White,Atlanta,2024-01-06
482,Alice Thomas,San Francisco,2023-07-04
483,Grace Anderson,San Diego,2024-05-12
484,Grace Wilson,Austin,2023-06-08
485,Carol Taylor,Portland,2025-03-18
486,David Thompson,San Diego,2024-07-06
487,Xena Thompson,Chicago,2024-11-08
488,Kathy Robinson,Austin,2024-09-03
489,Mona Davis,Austin,2023-07-05
490,Walt Robinson,San Diego,2025-07-13
491,Frank Harris,Chicago,2024-02-25
492,Leo Wilson,Miami,2024-09-17
493,Jack Harris,New York,2024-06-30
494,Hank Taylor,San Diego,2025-03-14
495,Paul Miller,Seattle,2024-11-25
496,Sam Harris,Miami,2025-02-26
497,Jack Jackson,Atlanta,2024-06-24
498,Nate Clark,Portland,2023-07-24
499,Zack Robinson,Austin,2025-06-12
500,Ivy Smith,Phoenix,2024-05-07
